,Pk,Tm,Player,College,Yrs,G,MP,PTS,TRB,AST,FG%,3P%,FT%,MP.1,PTS.1,TRB.1,AST.1,WS,WS/48,BPM,VORP,FNAME
775,14,MIL,John Henson,UNC,8,445,8752,3383,2368,496,0.54,0.25,0.568,19.7,7.6,5.3,1.1,20.7,0.113,-0.5,3.4,John-Henson
776,15,PHI,Maurice Harkless,St. John's,10,621,14019,4259,2198,572,0.474,0.32,0.624,22.6,6.9,3.5,0.9,23,0.079,-0.8,4.1,Maurice-Harkless
777,16,HOU,Royce White,Iowa State,1,3,9,0,0,0,0,,,3,0,0,0,0,-0.121,-16.9,0,Royce-White
778,17,DAL,Tyler Zeller,UNC,8,414,7254,2873,1820,367,0.508,0.286,0.764,17.5,6.9,4.4,0.9,17.1,0.113,-2,0,Tyler-Zeller
779,18,HOU,Terrence Jones,Kentucky,6,234,5562,2431,1334,238,0.501,0.297,0.621,23.8,10.4,5.7,1,14.7,0.127,0.5,3.6,Terrence-Jones
780,19,ORL,Andrew Nicholson,St. Bonaventure,5,285,4080,1700,857,126,0.467,0.321,0.773,14.3,6,3,0.4,3.8,0.045,-3.6,-1.6,Andrew-Nicholson
782,21,BOS,Jared Sullinger,Ohio State,5,269,6532,2893,2006,477,0.436,0.272,0.723,24.3,10.8,7.5,1.8,15.3,0.113,-0.4,2.7,Jared-Sullinger
783,22,BOS,Fab Melo,Syracuse,1,6,36,7,3,0,0.5,,0.25,6,1.2,0.5,0,0,0.021,-7.6,-0.1,Fab-Melo
784,23,ATL,John Jenkins,Vanderbilt,6,171,2183,855,250,138,0.441,0.367,0.847,12.8,5,1.5,0.8,3,0.065,-1.9,0.1,John-Jenkins
785,24,CLE,Jared Cunningham,Oregon State,4,84,605,197,56,39,0.347,0.306,0.674,7.2,2.3,0.7,0.5,0.2,0.017,-5.7,-0.6,Jared-Cunningham
786,25,MEM,Tony Wroten,Washington,4,145,3076,1604,363,437,0.413,0.231,0.647,21.2,11.1,2.5,3,-1.3,-0.021,-3.4,-1.1,Tony-Wroten
787,26,IND,Miles Plumlee,Duke,7,346,5658,1697,1562,178,0.542,,0.543,16.4,4.9,4.5,0.5,10.6,0.09,-1.9,0.2,Miles-Plumlee
788,27,MIA,Arnett Moultrie,Mississippi State,2,59,729,210,180,12,0.547,,0.667,12.4,3.6,3.1,0.2,1.7,0.113,-2.8,-0.1,Arnett-Moultrie
789,28,OKC,Perry Jones,Baylor,3,143,1675,488,252,54,0.42,0.293,0.66,11.7,3.4,1.8,0.4,1.7,0.048,-3.5,-0.6,Perry-Jones
790,29,CHI,Marquis Teague,Kentucky,3,91,909,217,90,134,0.343,0.222,0.661,10,2.4,1,1.5,-0.9,-0.045,-6.5,-1,Marquis-Teague
791,30,GSW,Festus Ezeli,Vanderbilt,3,170,2394,712,725,63,0.513,,0.557,14.1,4.2,4.3,0.4,5.9,0.119,-2,0,Festus-Ezeli
794,31,CHA,Jeff Taylor,Vanderbilt,3,132,2566,807,263,107,0.409,0.319,0.665,19.4,6.1,2,0.8,1.3,0.024,-4.2,-1.5,Jeff-Taylor
796,33,CLE,Bernard James,Florida State,3,92,761,203,212,13,0.497,0,0.68,8.3,2.2,2.3,0.1,1.9,0.117,-1.8,0,Bernard-James
797,34,CLE,Jae Crowder,Marquette,11,753,18902,7180,3210,1209,0.418,0.348,0.778,25.1,9.5,4.3,1.6,41.3,0.105,0.3,11.1,Jae-Crowder
798,35,GSW,Draymond Green,Michigan State,11,758,21809,6577,5276,4233,0.449,0.314,0.712,28.8,8.7,7,5.6,57.4,0.126,2.5,24.7,Draymond-Green
799,36,SAC,Orlando Johnson,UC Santa Barbara,3,103,1112,329,180,69,0.358,0.311,0.727,10.8,3.2,1.7,0.7,1.4,0.059,-2.4,-0.1,Orlando-Johnson
800,37,TOR,Quincy Acy,Baylor,7,337,5392,1642,1179,217,0.444,0.35,0.759,16,4.9,3.5,0.6,8.7,0.078,-2,-0.1,Quincy-Acy
801,38,DEN,Quincy Miller,Baylor,3,69,934,295,169,37,0.35,0.292,0.706,13.5,4.3,2.4,0.5,-0.1,-0.003,-3.9,-0.5,Quincy-Miller
802,39,DET,Khris Middleton,Texas A&M,11,684,21493,11633,3306,2624,0.457,0.388,0.882,31.4,17,4.8,3.8,52.5,0.117,0.7,14.9,Khris-Middleton
803,40,POR,Will Barton,Memphis,11,679,17116,7625,2792,1817,0.43,0.355,0.787,25.2,11.2,4.1,2.7,26.5,0.074,-0.4,6.9,Will-Barton
804,41,POR,Tyshawn Taylor,Kansas,2,61,491,174,33,57,0.354,0.36,0.684,8,2.9,0.5,0.9,-0.9,-0.088,-8.1,-0.8,Tyshawn-Taylor
805,42,MIL,Doron Lamb,Kentucky,2,100,1272,345,95,75,0.381,0.394,0.7,12.7,3.5,1,0.8,0.1,0.005,-5.8,-1.2,Doron-Lamb
806,43,ATL,Mike Scott,Virginia,9,555,9182,3736,1727,499,0.453,0.362,0.757,16.5,6.7,3.1,0.9,16.8,0.088,-1.7,0.6,Mike-Scott
807,44,DET,Kim English,Missouri,1,41,407,119,37,26,0.375,0.28,0.724,9.9,2.9,0.9,0.6,0.2,0.021,-4.2,-0.2,Kim-English
808,45,PHI,Justin Hamilton,LSU,3,113,1961,687,403,91,0.464,0.309,0.798,17.4,6.1,3.6,0.8,3.7,0.091,-0.9,0.5,Justin-Hamilton
809,46,NOH,Darius Miller,Kentucky,6,271,5358,1597,447,367,0.419,0.383,0.84,19.8,5.9,1.6,1.4,6.5,0.059,-2.3,-0.4,Darius-Miller
810,47,UTA,Kevin Murphy,Tennessee Technological University,1,17,52,15,4,2,0.25,0.2,,3.1,0.9,0.2,0.1,-0.3,-0.272,-16.8,-0.2,Kevin-Murphy
812,49,ORL,Kyle O'Quinn,Norfolk State,8,472,6714,2568,2166,643,0.517,0.218,0.74,14.2,5.4,4.6,1.4,17.8,0.128,0.9,5,Kyle-O'Quinn
814,51,BOS,Kris Joseph,Syracuse,1,10,54,9,7,1,0.143,0,0.625,5.4,0.9,0.7,0.1,-0.1,-0.127,-9.9,-0.1,Kris-Joseph
818,55,DAL,Darius Johnson-Odom,Marquette,2,7,21,0,6,2,0,0,0,3,0,0.9,0.3,-0.3,-0.597,-25.5,-0.1,Darius-Johnson-Odom
821,58,MIN,Robbie Hummel,Purdue,2,98,1397,379,266,50,0.418,0.343,0.867,14.3,3.9,2.7,0.5,1.9,0.066,-3.1,-0.4,Robbie-Hummel
822,59,SAS,Marcus Denmon,Missouri,,,,,,,,,,,,,,,,,,Marcus-Denmon
823,60,LAL,Robert Sacre,Gonzaga,4,189,2745,787,593,126,0.436,0,0.671,14.5,4.2,3.1,0.7,2.4,0.042,-4,-1.4,Robert-Sacre
826,1,CLE,Anthony Bennett,UNLV,4,151,1905,658,472,77,0.392,0.261,0.67,12.6,4.4,3.1,0.5,0.5,0.013,-4.8,-1.3,Anthony-Bennett
827,2,ORL,Victor Oladipo,Indiana,10,504,16247,8503,2245,1970,0.436,0.347,0.788,32.2,16.9,4.5,3.9,25.6,0.076,0.7,11,Victor-Oladipo
828,3,WAS,Otto Porter Jr.,Georgetown,10,512,13226,5380,2570,775,0.478,0.397,0.797,25.8,10.5,5,1.5,36.5,0.132,1.8,12.6,Otto-Porter Jr.
829,4,CHA,Cody Zeller,Indiana,10,509,11190,4300,3013,701,0.522,0.218,0.73,22,8.4,5.9,1.4,32.7,0.14,-0.6,4,Cody-Zeller
830,5,PHO,Alex Len,Maryland,10,596,10930,4414,3401,501,0.507,0.327,0.683,18.3,7.4,5.7,0.8,21.9,0.096,-1.9,0.2,Alex-Len
831,6,NOH,Nerlens Noel,Kentucky,9,467,10281,3338,2835,501,0.546,0.2,0.655,22,7.1,6.1,1.1,28.3,0.132,0.9,7.4,Nerlens-Noel
832,7,SAC,Ben McLemore,Kansas,9,556,12534,5015,1269,563,0.414,0.363,0.78,22.5,9,2.3,1,9,0.035,-3.1,-3.4,Ben-McLemore
833,8,DET,Kentavious Caldwell-Pope,Georgia,10,759,22355,8733,2356,1333,0.424,0.365,0.814,29.5,11.5,3.1,1.8,39.1,0.084,-0.8,6.6,Kentavious-Caldwell-Pope
834,9,MIN,Trey Burke,Michigan,9,498,10401,4792,878,1522,0.41,0.345,0.81,20.9,9.6,1.8,3.1,12.9,0.06,-1.3,1.7,Trey-Burke
835,10,POR,CJ McCollum,Lehigh,10,665,21273,12909,2369,2473,0.453,0.395,0.804,32,19.4,3.6,3.7,44.6,0.101,1.3,17.5,CJ-McCollum
836,11,PHI,Michael Carter-Williams,Syracuse,9,395,9942,4040,1718,1708,0.402,0.256,0.705,25.2,10.2,4.3,4.3,6.6,0.032,-1.2,1.8,Michael-Carter-Williams
837,12,OKC,Steven Adams,Pitt,10,706,18944,6518,5788,1079,0.587,0.067,0.536,26.8,9.2,8.2,1.5,59.3,0.15,0.5,12.1,Steven-Adams
838,13,DAL,Kelly Olynyk,Gonzaga,10,678,15350,6993,3507,1500,0.478,0.368,0.794,22.6,10.3,5.2,2.2,39.6,0.124,0.9,11,Kelly-Olynyk
839,14,UTA,Shabazz Muhammad,UCLA,5,278,4772,2504,770,151,0.473,0.319,0.751,17.2,9,2.8,0.5,8.5,0.085,-2,0,Shabazz-Muhammad
843,18,ATL,Shane Larkin,Miami (FL),4,256,4880,1399,490,737,0.422,0.336,0.777,19.1,5.5,1.9,2.9,4.4,0.044,-2.4,-0.6,Shane-Larkin
845,20,CHI,Tony Snell,New Mexico,9,601,13093,3672,1371,669,0.431,0.394,0.846,21.8,6.1,2.3,1.1,18.5,0.068,-2,-0.1,Tony-Snell
846,21,UTA,Gorgui Dieng,Louisville,10,628,12625,4591,3534,837,0.496,0.355,0.791,20.1,7.3,5.6,1.3,30.7,0.117,0.2,7.1,Gorgui-Dieng
847,22,BRK,Mason Plumlee,Duke,10,740,16823,6341,5078,1856,0.595,0.049,0.567,22.7,8.6,6.9,2.5,52.1,0.149,1.4,14.4,Mason-Plumlee
848,23,IND,Solomon Hill,Arizona,9,448,9652,2453,1399,662,0.388,0.331,0.797,21.5,5.5,3.1,1.5,11.9,0.059,-2.1,-0.3,Solomon-Hill
849,24,NYK,Tim Hardaway Jr.,Michigan,10,657,17989,9168,1901,1224,0.42,0.361,0.808,27.4,14,2.9,1.9,28.1,0.075,-0.9,5,Tim-Hardaway Jr.
850,25,LAC,Reggie Bullock,UNC,10,512,12139,3943,1378,632,0.425,0.384,0.827,23.7,7.7,2.7,1.2,20.8,0.082,-1.1,2.6,Reggie-Bullock
851,26,MIN,Andre Roberson,Colorado,7,307,6801,1382,1230,265,0.473,0.253,0.468,22.2,4.5,4,0.9,12.6,0.089,-0.6,2.3,Andre-Roberson
854,29,OKC,Archie Goodwin,Kentucky,4,165,2396,1040,331,206,0.429,0.236,0.7,14.5,6.3,2,1.2,1.1,0.022,-3,-0.6,Archie-Goodwin
858,31,CLE,Allen Crabbe,California,7,381,9125,3453,1073,434,0.425,0.387,0.831,24,9.1,2.8,1.1,13.7,0.072,-1.6,0.9,Allen-Crabbe
860,33,CLE,Carrick Felix,Arizona State,1,7,38,19,6,4,0.5,0.4,0.75,5.4,2.7,0.9,0.6,0,0.057,-3.4,0,Carrick-Felix
861,34,HOU,Isaiah Canaan,Murray State,6,235,4799,1913,438,454,0.371,0.351,0.836,20.4,8.1,1.9,1.9,4.3,0.043,-2.4,-0.5,Isaiah-Canaan
862,35,PHI,Glen Rice Jr.,Georgia Tech,2,16,152,43,24,9,0.269,0.25,0.692,9.5,2.7,1.5,0.6,-0.2,-0.065,-6.6,-0.2,Glen-Rice Jr.
863,36,SAC,Ray McCallum,Detroit Mercy,3,154,2808,920,306,368,0.408,0.335,0.711,18.2,6,2,2.4,2.1,0.035,-2.6,-0.4,Ray-McCallum
864,37,DET,Tony Mitchell,University of North Texas,1,21,79,22,26,2,0.417,1,0.579,3.8,1,1.2,0.1,0.2,0.151,0.4,0,Tony-Mitchell
865,38,WAS,Nate Wolters,South Dakota State,3,84,1575,461,185,209,0.423,0.261,0.635,18.8,5.5,2.2,2.5,0.9,0.028,-2.6,-0.2,Nate-Wolters
866,39,POR,Jeff Withey,Kansas,5,206,2072,666,518,64,0.525,0.143,0.716,10.1,3.2,2.5,0.3,6.8,0.157,0.5,1.3,Jeff-Withey
867,40,POR,Grant Jerrett,Arizona,1,8,51,16,9,3,0.269,0.067,1,6.4,2,1.1,0.4,-0.1,-0.128,-10.8,-0.1,Grant-Jerrett
868,41,MEM,Jamaal Franklin,San Diego State,2,24,174,42,25,9,0.415,0.462,1,7.3,1.8,1,0.4,0,-0.006,-5.9,-0.2,Jamaal-Franklin
869,42,PHI,Pierre Jackson,Baylor,1,8,84,35,9,19,0.333,0.273,0.857,10.5,4.4,1.1,2.4,0,0.021,-4.4,-0.1,Pierre-Jackson
870,43,MIL,Ricky Ledo,Providence,2,28,277,109,38,21,0.336,0.371,0.769,9.9,3.9,1.4,0.8,-0.6,-0.096,-7.6,-0.4,Ricky-Ledo
871,44,DAL,Mike Muscala,Bucknell,10,495,7639,3049,1574,428,0.457,0.379,0.838,15.4,6.2,3.2,0.9,19.1,0.12,0.2,4.2,Mike-Muscala
873,46,UTA,Erick Green,Virginia Tech,2,52,452,159,37,42,0.377,0.288,0.857,8.7,3.1,0.7,0.8,0.1,0.011,-4,-0.2,Erick-Green
875,48,LAL,Ryan Kelly,Duke,4,163,3125,981,504,215,0.378,0.316,0.797,19.2,6,3.1,1.3,3,0.046,-2.6,-0.5,Ryan-Kelly
876,49,CHI,Erik Murphy,Florida,1,24,62,6,8,2,0.231,0,,2.6,0.3,0.3,0.1,-0.1,-0.055,-8.6,-0.1,Erik-Murphy
877,50,ATL,James Ennis III,Cal State Long Beach,8,395,8022,2629,1306,373,0.457,0.36,0.797,20.3,6.7,3.3,0.9,16.2,0.097,-1.5,0.9,James-Ennis III
878,51,ORL,Romero Osby,Oklahoma,,,,,,,,,,,,,,,,,,Romero-Osby
879,52,MIN,Lorenzo Brown,NC State,5,103,1185,293,151,183,0.364,0.17,0.707,11.5,2.8,1.5,1.8,-0.2,-0.007,-3.5,-0.5,Lorenzo-Brown
880,53,IND,Colton Iverson,Colorado State,,,,,,,,,,,,,,,,,,Colton-Iverson
881,54,WAS,Arsalan Kazemi,Oregon,,,,,,,,,,,,,,,,,,Arsalan-Kazemi
883,56,DET,Peyton Siva,Louisville,1,24,224,54,14,34,0.316,0.28,0.733,9.3,2.3,0.6,1.4,-0.2,-0.032,-6.4,-0.2,Peyton-Siva
884,57,PHO,Alex Oriakhi,Missouri,,,,,,,,,,,,,,,,,,Alex-Oriakhi
885,58,SAS,Deshaun Thomas,Ohio State,,,,,,,,,,,,,,,,,,Deshaun-Thomas
890,1,CLE,Andrew Wiggins,Kansas,9,635,22125,12152,2835,1478,0.449,0.354,0.72,34.8,19.1,4.5,2.3,26.3,0.057,-1.5,3,Andrew-Wiggins
891,2,MIL,Jabari Parker,Duke,8,310,8535,4380,1703,610,0.494,0.326,0.743,27.5,14.1,5.5,2,13.8,0.078,-0.8,2.5,Jabari-Parker
892,3,PHI,Joel Embiid,Kansas,7,394,12524,10718,4402,1354,0.501,0.337,0.819,31.8,27.2,11.2,3.4,56,0.215,6.5,26.9,Joel-Embiid
893,4,ORL,Aaron Gordon,Arizona,9,596,17332,7996,3756,1516,0.472,0.325,0.686,29.1,13.4,6.3,2.5,35.6,0.098,0.2,9.4,Aaron-Gordon
895,6,BOS,Marcus Smart,Oklahoma State,9,581,17441,6141,2058,2700,0.386,0.323,0.777,30,10.6,3.5,4.6,33.3,0.092,-0.3,7.7,Marcus-Smart
896,7,LAL,Julius Randle,Kentucky,9,595,18882,11127,5581,2158,0.47,0.336,0.745,31.7,18.7,9.4,3.6,39.5,0.1,0.9,13.6,Julius-Randle
897,8,SAC,Nik Stauskas,Michigan,6,343,6701,2290,691,515,0.389,0.354,0.812,19.5,6.7,2,1.5,3.9,0.028,-3,-1.7,Nik-Stauskas
898,9,CHH,Noah Vonleh,Indiana,8,362,5854,1685,1790,264,0.459,0.307,0.692,16.2,4.7,4.9,0.7,9.4,0.077,-2.5,-0.7,Noah-Vonleh
899,10,PHI,Elfrid Payton,Louisiana,8,500,13383,5036,2007,2868,0.447,0.287,0.623,26.8,10.1,4,5.7,15.8,0.057,-0.9,3.7,Elfrid-Payton
900,11,DEN,Doug McDermott,Creighton,9,591,12326,5500,1375,587,0.474,0.41,0.813,20.9,9.3,2.3,1,20.2,0.079,-2,0,Doug-McDermott
902,13,MIN,Zach LaVine,UCLA,9,555,17987,11379,2221,2187,0.465,0.384,0.833,32.4,20.5,4,3.9,30.8,0.082,0.7,12.2,Zach-LaVine
903,14,PHO,T.J. Warren,NC State,8,374,10240,5456,1493,437,0.506,0.354,0.78,27.4,14.6,4,1.2,20.8,0.097,-0.3,4.2,T.J.-Warren
904,15,ATL,Adreian Payne,Michigan State,4,107,1403,429,315,66,0.406,0.254,0.68,13.1,4,2.9,0.6,-0.6,-0.019,-5.9,-1.4,Adreian-Payne
906,17,BOS,James Young,Kentucky,4,95,812,219,96,28,0.367,0.277,0.563,8.5,2.3,1,0.3,0.8,0.046,-3.4,-0.3,James-Young
907,18,PHO,Tyler Ennis,Syracuse,4,186,2336,779,250,359,0.419,0.317,0.768,12.6,4.2,1.3,1.9,1.3,0.026,-3.4,-0.8,Tyler-Ennis
908,19,CHI,Gary Harris,Michigan State,9,516,14657,5923,1260,1024,0.448,0.37,0.815,28.4,11.5,2.4,2,23.1,0.076,-1.3,2.5,Gary-Harris
910,21,OKC,Mitch McGary,Michigan,2,52,557,227,183,17,0.527,0,0.58,10.7,4.4,3.5,0.3,1.3,0.108,-2.6,-0.1,Mitch-McGary
911,22,MEM,Jordan Adams,UCLA,2,32,263,101,30,19,0.402,0.385,0.607,8.2,3.2,0.9,0.6,0.4,0.07,1.7,0.2,Jordan-Adams
912,23,UTA,Rodney Hood,Duke,8,448,10977,4656,1160,736,0.42,0.366,0.841,24.5,10.4,2.6,1.6,17.4,0.076,-1.2,2.2,Rodney-Hood
913,24,CHH,Shabazz Napier,UConn,6,345,5986,2433,657,849,0.397,0.345,0.815,17.4,7.1,1.9,2.5,8.1,0.065,-0.7,2,Shabazz-Napier
915,26,MIA,P.J. Hairston,UNC,2,111,2000,664,266,59,0.343,0.295,0.81,18,6,2.4,0.5,0.9,0.021,-3.9,-1,P.J.-Hairston
917,28,LAC,C.J. Wilcox,Washington,3,66,376,132,31,30,0.37,0.333,0.813,5.7,2,0.5,0.5,0.1,0.007,-4.3,-0.2,C.J.-Wilcox
918,29,OKC,Josh Huestis,Stanford,3,76,1068,187,180,23,0.346,0.312,0.24,14.1,2.5,2.4,0.3,0.7,0.03,-3.5,-0.4,Josh-Huestis
919,30,SAS,Kyle Anderson,UCLA,9,574,12540,4013,2588,1502,0.481,0.345,0.715,21.8,7,4.5,2.6,32.1,0.123,1.9,12.2,Kyle-Anderson
923,32,PHI,K.J. McDaniels,Clemson,3,148,2092,782,324,95,0.412,0.29,0.776,14.1,5.3,2.2,0.6,1.3,0.03,-2.8,-0.4,K.J.-McDaniels
924,33,CLE,Joe Harris,Virginia,9,488,12128,5146,1508,780,0.48,0.437,0.772,24.9,10.5,3.1,1.6,23.1,0.092,-0.6,4.2,Joe-Harris
925,34,NYK,Cleanthony Early,Wichita State,2,56,801,241,123,42,0.346,0.263,0.75,14.3,4.3,2.2,0.8,-0.6,-0.039,-5.9,-0.8,Cleanthony-Early
926,35,UTA,Jarnell Stokes,Tennessee,3,28,151,67,40,7,0.581,,0.531,5.4,2.4,1.4,0.3,0.6,0.202,0.1,0.1,Jarnell-Stokes
927,36,MIL,Johnny O'Bryant,LSU,4,147,1684,509,352,69,0.402,0.36,0.663,11.5,3.5,2.4,0.5,0.2,0.006,-6.2,-1.8,Johnny-O'Bryant
928,37,TOR,DeAndre Daniels,UConn,,,,,,,,,,,,,,,,,,DeAndre-Daniels
929,38,DET,Spencer Dinwiddie,Colorado,9,466,12931,6411,1437,2448,0.417,0.333,0.795,27.7,13.8,3.1,5.3,28.7,0.107,0.4,7.8,Spencer-Dinwiddie
930,39,PHI,Jerami Grant,Syracuse,9,618,16700,7619,2472,897,0.456,0.358,0.737,27,12.3,4,1.5,32.2,0.092,-0.4,6.8,Jerami-Grant
931,40,MIN,Glenn Robinson III,Michigan,7,304,5299,1804,776,238,0.457,0.373,0.779,17.4,5.9,2.6,0.8,7.9,0.071,-1.7,0.4,Glenn-Robinson III
933,42,HOU,Nick Johnson,Arizona,1,28,262,74,39,11,0.347,0.238,0.68,9.4,2.6,1.4,0.4,-0.1,-0.02,-6.5,-0.3,Nick-Johnson
935,44,MIN,Markel Brown,Oklahoma State,3,113,1794,584,234,132,0.38,0.295,0.781,15.9,5.2,2.1,1.2,1.1,0.029,-2.9,-0.4,Markel-Brown
936,45,CHH,Dwight Powell,Stanford,9,587,11178,4432,2663,593,0.599,0.292,0.741,19,7.6,4.5,1,43.1,0.185,0.9,8.3,Dwight-Powell
937,46,WAS,Jordan Clarkson,Missouri,9,661,18179,10487,2217,1796,0.44,0.338,0.826,27.5,15.9,3.4,2.7,23.4,0.062,-0.6,6.5,Jordan-Clarkson
938,47,PHI,Russ Smith,Louisville,2,27,131,53,15,19,0.319,0.188,0.769,4.9,2,0.6,0.7,-0.2,-0.068,-5.1,-0.1,Russ-Smith
939,48,MIL,Lamar Patterson,Pitt,2,40,435,93,57,45,0.326,0.236,0.72,10.9,2.3,1.4,1.1,0.1,0.006,-5.7,-0.4,Lamar-Patterson
940,49,CHI,Cameron Bairstow,New Mexico,2,36,167,44,36,7,0.296,0.2,0.846,4.6,1.2,1,0.2,-0.1,-0.021,-8.1,-0.3,Cameron-Bairstow
941,50,PHO,Alec Brown,Green Bay,,,,,,,,,,,,,,,,,,Alec-Brown
946,55,MIA,Semaj Christon,Xavier,1,64,973,183,87,130,0.345,0.19,0.548,15.2,2.9,1.4,2,0.1,0.006,-5.1,-0.8,Semaj-Christon
947,56,DEN,Devyn Marble,Iowa,2,44,457,97,69,29,0.304,0.222,0.375,10.4,2.2,1.6,0.7,-0.3,-0.028,-5.5,-0.4,Devyn-Marble
949,58,SAS,Jordan McRae,Tennessee,4,123,1696,846,225,167,0.417,0.355,0.772,13.8,6.9,1.8,1.4,1.7,0.048,-2.1,0,Jordan-McRae
950,59,TOR,Xavier Thames,San Diego State,,,,,,,,,,,,,,,,,,Xavier-Thames
951,60,SAS,Cory Jefferson,Baylor,2,58,581,205,161,16,0.444,0.125,0.583,10,3.5,2.8,0.3,0.9,0.071,-3.3,-0.2,Cory-Jefferson
954,1,MIN,Karl-Anthony Towns,Kentucky,8,511,17429,11772,5701,1626,0.526,0.395,0.835,34.1,23,11.2,3.2,68.7,0.189,4.7,29.5,Karl-Anthony-Towns
955,2,LAL,D'Angelo Russell,Ohio State,8,495,14781,8767,1718,2807,0.426,0.362,0.788,29.9,17.7,3.5,5.7,19.5,0.063,0.7,10,D'Angelo-Russell
956,3,PHI,Jahlil Okafor,Duke,6,247,4827,2566,1169,225,0.542,0.222,0.676,19.5,10.4,4.7,0.9,7.2,0.071,-2,0,Jahlil-Okafor
959,6,SAC,Willie Cauley-Stein,Kentucky,7,422,9276,3675,2470,598,0.544,0.188,0.612,22,8.7,5.9,1.4,23.3,0.121,-0.1,4.4,Willie-Cauley-Stein
961,8,DET,Stanley Johnson,Arizona,8,449,8879,2806,1404,679,0.391,0.305,0.748,19.8,6.2,3.1,1.5,6.9,0.037,-2.7,-1.6,Stanley-Johnson
962,9,CHO,Frank Kaminsky,Wisconsin,8,413,8160,3630,1579,651,0.43,0.349,0.746,19.8,8.8,3.8,1.6,15.9,0.094,-0.2,3.7,Frank-Kaminsky
963,10,MIA,Justise Winslow,Duke,8,344,8905,2829,1760,889,0.412,0.315,0.638,25.9,8.2,5.1,2.6,8.2,0.044,-2.1,-0.3,Justise-Winslow
964,11,IND,Myles Turner,Texas,8,493,14204,6598,3345,602,0.498,0.353,0.771,28.8,13.4,6.8,1.2,38.2,0.129,0.8,10.1,Myles-Turner
965,12,UTA,Trey Lyles,Kentucky,8,523,9464,4065,2253,543,0.443,0.342,0.749,18.1,7.8,4.3,1,17,0.086,-1,2.3,Trey-Lyles
966,13,PHO,Devin Booker,Kentucky,8,530,17907,12688,2105,2521,0.461,0.356,0.868,33.8,23.9,4,4.8,35.9,0.096,0.9,13.1,Devin-Booker
967,14,OKC,Cameron Payne,Murray State,8,327,5962,2625,730,1119,0.42,0.363,0.816,18.2,8,2.2,3.4,9.3,0.075,-0.5,2.2,Cameron-Payne
968,15,ATL,Kelly Oubre Jr.,Kansas,8,527,13609,6741,2323,538,0.434,0.33,0.751,25.8,12.8,4.4,1,19.2,0.068,-1.7,0.9,Kelly-Oubre Jr.
969,16,BOS,Terry Rozier,Louisville,8,540,14659,7368,2125,1828,0.417,0.367,0.819,27.1,13.6,3.9,3.4,25.8,0.084,0.4,9,Terry-Rozier
970,17,MIL,Rashad Vaughn,UNLV,3,139,1671,423,158,75,0.337,0.313,0.692,12,3,1.1,0.5,-0.6,-0.017,-4.7,-1.2,Rashad-Vaughn
971,18,HOU,Sam Dekker,Wisconsin,5,201,3097,1094,607,160,0.478,0.288,0.606,15.4,5.4,3,0.8,5.4,0.083,-1.4,0.5,Sam-Dekker
972,19,WAS,Jerian Grant,Notre Dame,5,279,4998,1692,530,805,0.411,0.323,0.77,17.9,6.1,1.9,2.9,8.3,0.08,-1.6,0.5,Jerian-Grant
973,20,TOR,Delon Wright,Utah,8,461,9798,3321,1498,1440,0.455,0.353,0.805,21.3,7.2,3.2,3.1,26.5,0.13,2.3,10.6,Delon-Wright
974,21,DAL,Justin Anderson,Virginia,6,242,3280,1284,621,184,0.41,0.292,0.775,13.6,5.3,2.6,0.8,4.9,0.072,-1.5,0.4,Justin-Anderson
975,22,CHI,Bobby Portis,Arkansas,8,523,11655,6008,3667,642,0.474,0.381,0.754,22.3,11.5,7,1.2,26.4,0.109,-0.4,4.7,Bobby-Portis
976,23,POR,Rondae Hollis-Jefferson,Arizona,6,305,6759,2760,1684,579,0.449,0.212,0.735,22.2,9,5.5,1.9,12.9,0.091,-0.7,2.3,Rondae-Hollis-Jefferson
977,24,CLE,Tyus Jones,Duke,8,535,10317,3630,999,2108,0.436,0.357,0.814,19.3,6.8,1.9,3.9,25,0.116,0.6,6.8,Tyus-Jones
978,25,MEM,Jarell Martin,LSU,4,184,2927,998,639,114,0.434,0.346,0.766,15.9,5.4,3.5,0.6,3.2,0.053,-4.3,-1.7,Jarell-Martin
980,27,LAL,Larry Nance Jr.,Wyoming,8,461,10908,3651,2931,866,0.537,0.333,0.689,23.7,7.9,6.4,1.9,29.3,0.129,1.1,8.6,Larry-Nance Jr.
981,28,BOS,R.J. Hunter,Georgia State University,4,45,395,133,46,19,0.371,0.295,0.818,8.8,3,1,0.4,0.4,0.051,-2,0,R.J.-Hunter
982,29,BRK,Chris McCullough,Syracuse,3,59,532,194,112,15,0.426,0.306,0.548,9,3.3,1.9,0.3,0.6,0.054,-2.5,-0.1,Chris-McCullough
983,30,GSW,Kevon Looney,UCLA,8,449,7972,2299,2510,705,0.582,0.169,0.606,17.8,5.1,5.6,1.6,29.1,0.175,0.4,4.8,Kevon-Looney
987,32,HOU,Montrezl Harrell,Louisville,8,515,10545,6220,2588,675,0.619,0.108,0.664,20.5,12.1,5,1.3,42.9,0.195,2.6,12.2,Montrezl-Harrell
988,33,BOS,Jordan Mickey,LSU,3,64,482,152,128,17,0.449,0.118,0.605,7.5,2.4,2,0.3,0.5,0.05,-4.8,-0.3,Jordan-Mickey
989,34,LAL,Anthony Brown,Stanford,3,41,762,161,103,28,0.328,0.286,0.85,18.6,3.9,2.5,0.7,-0.2,-0.016,-5.1,-0.6,Anthony-Brown
991,36,MIN,Rakeem Christmas,Syracuse,2,30,225,63,57,4,0.467,,0.724,7.5,2.1,1.9,0.1,0.5,0.105,-4.7,-0.2,Rakeem-Christmas
992,37,PHI,Richaun Holmes,Bowling Green,8,418,8271,3735,2247,412,0.606,0.273,0.747,19.8,8.9,5.4,1,27.4,0.159,0.3,4.8,Richaun-Holmes
993,38,DET,Darrun Hilliard,Villanova,3,91,859,295,85,71,0.377,0.304,0.747,9.4,3.2,0.9,0.8,0.3,0.016,-4.7,-0.6,Darrun-Hilliard
995,40,MIA,Josh Richardson,Tennessee,8,503,14562,5924,1552,1346,0.428,0.365,0.84,29,11.8,3.1,2.7,25.6,0.084,-0.5,5.5,Josh-Richardson
996,41,BRK,Pat Connaughton,Notre Dame,8,478,9160,2935,1675,598,0.436,0.359,0.777,19.2,6.1,3.5,1.3,20.6,0.108,-0.2,4.2,Pat-Connaughton
997,42,UTA,Olivier Hanlan,Boston College,,,,,,,,,,,,,,,,,,Olivier-Hanlan
998,43,IND,Joe Young,Oregon,3,127,1077,429,130,119,0.393,0.296,0.768,8.5,3.4,1,0.9,0.4,0.016,-4.1,-0.6,Joe-Young
999,44,PHO,Andrew Harrison,Kentucky,3,145,2987,1012,287,399,0.373,0.294,0.779,20.6,7,2,2.8,3.2,0.051,-2.8,-0.6,Andrew-Harrison
1000,45,BOS,Marcus Thornton,William & Mary,,,,,,,,,,,,,,,,,,Marcus-Thornton
1001,46,MIL,Norman Powell,UCLA,8,481,10990,5795,1263,734,0.465,0.386,0.827,22.8,12,2.6,1.5,23,0.1,-0.1,5.3,Norman-Powell
1003,48,OKC,Dakari Johnson,Kentucky,1,31,161,55,34,8,0.564,,0.55,5.2,1.8,1.1,0.3,0.6,0.178,-0.3,0.1,Dakari-Johnson
1004,49,WAS,Aaron White,Iowa,,,,,,,,,,,,,,,,,,Aaron-White
1006,51,ORL,Tyler Harvey,Eastern Washington,,,,,,,,,,,,,,,,,,Tyler-Harvey
1008,53,CLE,Sir'Dominic Pointer,St. John's,,,,,,,,,,,,,,,,,,Sir'Dominic-Pointer
1010,55,SAS,Cady Lalanne,UMass,,,,,,,,,,,,,,,,,,Cady-Lalanne
1011,56,NOP,Branden Dawson,Michigan State,1,6,29,5,4,0,0.4,,1,4.8,0.8,0.7,0,0,0.069,-5.7,0,Branden-Dawson
1013,58,PHI,J.P. Tokoto,UNC,,,,,,,,,,,,,,,,,,J.P.-Tokoto
1018,1,PHI,Ben Simmons,LSU,5,317,10431,4673,2480,2383,0.56,0.139,0.591,32.9,14.7,7.8,7.5,32.6,0.15,3.4,14.2,Ben-Simmons
1019,2,LAL,Brandon Ingram,Duke,7,413,13618,7924,2142,1674,0.464,0.364,0.784,33,19.2,5.2,4.1,22.1,0.078,-0.1,6.7,Brandon-Ingram
1020,3,BOS,Jaylen Brown,California,7,470,13964,8428,2453,1054,0.477,0.365,0.723,29.7,17.9,5.2,2.2,29.5,0.101,0.3,8.1,Jaylen-Brown
1022,5,MIN,Kris Dunn,Providence,7,267,6465,2285,915,1153,0.432,0.313,0.744,24.2,8.6,3.4,4.3,5.8,0.043,-1.7,0.4,Kris-Dunn
1023,6,NOP,Buddy Hield,Oklahoma,7,548,16157,8807,2403,1405,0.434,0.402,0.858,29.5,16.1,4.4,2.6,21.4,0.064,0.4,9.7,Buddy-Hield
1024,7,DEN,Jamal Murray,Kentucky,6,410,12517,6937,1515,1722,0.447,0.373,0.87,30.5,16.9,3.7,4.2,26,0.1,0.5,7.8,Jamal-Murray
1025,8,SAC,Marquese Chriss,Washington,6,292,5338,2206,1366,298,0.456,0.29,0.667,18.3,7.6,4.7,1,6.5,0.058,-2.4,-0.5,Marquese-Chriss
1026,9,TOR,Jakob Poeltl,Utah,7,488,10315,3932,3177,798,0.628,0.5,0.536,21.1,8.1,6.5,1.6,34.9,0.162,1.2,8.3,Jakob-Poeltl
1028,11,ORL,Domantas Sabonis,Gonzaga,7,494,14542,7471,4788,2066,0.548,0.326,0.731,29.4,15.1,9.7,4.2,47.2,0.156,2.5,16.6,Domantas-Sabonis
1029,12,UTA,Taurean Prince,Baylor,7,424,10128,4392,1574,731,0.421,0.372,0.818,23.9,10.4,3.7,1.7,9.6,0.046,-1.9,0.1,Taurean-Prince
1031,14,CHI,Denzel Valentine,Michigan State,5,256,4817,1795,857,466,0.394,0.36,0.787,18.8,7,3.3,1.8,4.5,0.044,-1.9,0.2,Denzel-Valentine
1034,17,MEM,Wade Baldwin,Vanderbilt,3,56,579,174,69,78,0.355,0.25,0.776,10.3,3.1,1.2,1.4,-0.3,-0.028,-5.3,-0.5,Wade-Baldwin
1035,18,DET,Henry Ellenson,Marquette,5,83,787,342,206,49,0.371,0.336,0.773,9.5,4.1,2.5,0.6,0.4,0.023,-3.7,-0.3,Henry-Ellenson
1036,19,DEN,Malik Beasley,Florida State,7,417,9119,4513,1108,542,0.422,0.378,0.808,21.9,10.8,2.7,1.3,11.8,0.062,-1.1,2,Malik-Beasley
1037,20,IND,Caris LeVert,Michigan,7,392,10998,5546,1498,1544,0.436,0.344,0.735,28.1,14.1,3.8,3.9,16.3,0.071,-0.5,4.3,Caris-LeVert
1038,21,ATL,DeAndre' Bembry,Saint Joseph's,6,296,5670,1750,950,533,0.474,0.283,0.611,19.2,5.9,3.2,1.8,4.4,0.038,-2.3,-0.4,DeAndre'-Bembry
1039,22,CHO,Malachi Richardson,Syracuse,3,70,625,198,70,24,0.358,0.301,0.783,8.9,2.8,1,0.3,-0.1,-0.009,-6.1,-0.7,Malachi-Richardson
1042,25,LAC,Brice Johnson,UNC,2,21,107,47,34,3,0.449,0,0.6,5.1,2.2,1.6,0.1,0.1,0.062,-0.6,0,Brice-Johnson
1044,27,TOR,Pascal Siakam,New Mexico State,7,471,14432,8010,3078,1656,0.487,0.327,0.774,30.6,17,6.5,3.5,41,0.136,2,14.6,Pascal-Siakam
1045,28,PHO,Skal Labissière,Kentucky,4,148,2595,1069,662,152,0.492,0.353,0.748,17.5,7.2,4.5,1,4.4,0.081,-2.3,-0.2,Skal-Labissière
1046,29,SAS,Dejounte Murray,Washington,6,394,10950,5508,2309,1988,0.458,0.335,0.784,27.8,14,5.9,5,21.1,0.093,1.6,9.9,Dejounte-Murray
1047,30,GSW,Damian Jones,Vanderbilt,7,240,3512,1259,807,178,0.662,0.383,0.706,14.6,5.2,3.4,0.7,10.4,0.143,-1,0.9,Damian-Jones
1050,31,BOS,Deyonta Davis,Michigan State,3,107,1299,454,346,47,0.599,0,0.635,12.1,4.2,3.2,0.4,3.6,0.131,-2.1,0,Deyonta-Davis
1052,33,LAC,Cheick Diallo,Kansas,5,183,2186,958,759,78,0.596,0.286,0.774,11.9,5.2,4.1,0.4,6.3,0.139,-1.4,0.3,Cheick-Diallo
1053,34,PHO,Tyler Ulis,Kentucky,3,133,2782,998,223,537,0.403,0.28,0.808,20.9,7.5,1.7,4,0.5,0.008,-3.6,-1.1,Tyler-Ulis
1055,36,MIL,Malcolm Brogdon,Virginia,7,400,11796,6159,1678,1844,0.467,0.388,0.879,29.5,15.4,4.2,4.6,30,0.122,1.4,10,Malcolm-Brogdon
1056,37,HOU,Chinanu Onuaku,Louisville,2,6,74,18,14,4,0.583,,1,12.3,3,2.3,0.7,0.1,0.043,-5.4,-0.1,Chinanu-Onuaku
1057,38,MIL,Patrick McCaw,UNLV,5,199,3373,760,319,270,0.42,0.305,0.785,16.9,3.8,1.6,1.4,4.4,0.062,-2.8,-0.6,Patrick-McCaw
1059,40,NOP,Diamond Stone,Maryland,1,7,24,10,6,0,0.231,,1,3.4,1.4,0.9,0,-0.1,-0.211,-20.8,-0.1,Diamond-Stone
1060,41,ORL,Stephen Zimmerman,UNLV,1,19,108,23,35,4,0.323,,0.6,5.7,1.2,1.8,0.2,0,-0.005,-8.3,-0.2,Stephen-Zimmerman
1061,42,UTA,Isaiah Whitehead,Seton Hall,2,89,1823,643,210,212,0.411,0.305,0.788,20.5,7.2,2.4,2.4,-0.9,-0.025,-5,-1.4,Isaiah-Whitehead
1064,45,BOS,Demetrius Jackson,Notre Dame,3,26,136,48,19,17,0.486,0.286,0.667,5.2,1.8,0.7,0.7,0.2,0.087,-0.5,0.1,Demetrius-Jackson
1065,46,DAL,A.J. Hammons,Purdue,1,22,163,48,36,4,0.405,0.5,0.45,7.4,2.2,1.6,0.2,0,-0.001,-6.6,-0.2,A.J.-Hammons
1066,47,ORL,Jake Layman,Maryland,6,243,3099,1175,417,127,0.46,0.3,0.719,12.8,4.8,1.7,0.5,3.8,0.059,-2.3,-0.2,Jake-Layman
1068,49,DET,Michael Gbinije,Syracuse,1,9,32,4,3,2,0.1,0,1,3.6,0.4,0.3,0.2,-0.1,-0.136,-12.1,-0.1,Michael-Gbinije
1069,50,IND,Georges Niang,Iowa State,7,383,5966,2494,804,325,0.438,0.403,0.872,15.6,6.5,2.1,0.8,10.6,0.085,-1.2,1.3,Georges-Niang
1070,51,BOS,Ben Bentil,Providence,1,3,10,0,2,0,0,0,,3.3,0,0.7,0,-0.1,-0.473,-25.9,-0.1,Ben-Bentil
1071,52,UTA,Joel Bolomboy,Weber State,2,18,91,31,27,2,0.545,0.2,0.5,5.1,1.7,1.5,0.1,0.3,0.132,-0.1,0,Joel-Bolomboy
1073,54,ATL,Kay Felder,Oakland,2,58,526,223,59,78,0.364,0.268,0.754,9.1,3.8,1,1.3,-0.4,-0.041,-4.7,-0.4,Kay-Felder
1074,55,BRK,Marcus Paige,UNC,1,5,28,12,4,3,0.286,0.25,1,5.6,2.4,0.8,0.6,0,-0.006,-8.8,0,Marcus-Paige
1075,56,DEN,Daniel Hamilton,UConn,2,25,232,69,52,30,0.394,0.357,0.5,9.3,2.8,2.1,1.2,0,0,-3.3,-0.1,Daniel-Hamilton
1077,58,BOS,Abdel Nader,Iowa State,5,202,2583,926,376,110,0.428,0.357,0.718,12.8,4.6,1.9,0.5,2.8,0.052,-2.6,-0.4,Abdel-Nader
1078,59,SAC,Isaiah Cousins,Oklahoma,,,,,,,,,,,,,,,,,,Isaiah-Cousins
1079,60,UTA,Tyrone Wallace,California,4,112,1714,566,236,127,0.422,0.207,0.656,15.3,5.1,2.1,1.1,0.1,0.003,-5.2,-1.4,Tyrone-Wallace
1082,1,PHI,Markelle Fultz,Washington,6,191,5029,2260,659,964,0.472,0.278,0.734,26.3,11.8,3.5,5,7.2,0.069,-1.1,1.2,Markelle-Fultz
1083,2,LAL,Lonzo Ball,UCLA,5,252,8187,2995,1447,1563,0.4,0.364,0.578,32.5,11.9,5.7,6.2,11.4,0.067,1.1,6.3,Lonzo-Ball
1084,3,BOS,Jayson Tatum,Duke,6,439,14916,9865,3069,1448,0.458,0.375,0.847,34,22.5,7,3.3,45.6,0.147,3.3,19.9,Jayson-Tatum
1085,4,PHO,Josh Jackson,Kansas,5,291,6718,3276,1159,534,0.416,0.292,0.68,23.1,11.3,4,1.8,-1.7,-0.012,-3.8,-3.1,Josh-Jackson
1086,5,SAC,De'Aaron Fox,Kentucky,6,395,12760,7974,1444,2452,0.472,0.321,0.736,32.3,20.2,3.7,6.2,23.1,0.087,0.5,8.2,De'Aaron-Fox
1087,6,ORL,Jonathan Isaac,Florida State,4,147,3636,1324,785,152,0.434,0.333,0.789,24.7,9,5.3,1,7,0.093,0.3,2.1,Jonathan-Isaac
1088,7,MIN,Lauri Markkanen,Arizona,6,348,10662,6030,2474,477,0.455,0.371,0.858,30.6,17.3,7.1,1.4,24.8,0.112,0.8,7.3,Lauri-Markkanen
1090,9,DAL,Dennis Smith Jr.,NC State,6,270,6542,2791,803,1178,0.403,0.299,0.667,24.2,10.3,3,4.4,0.6,0.004,-2.3,-0.5,Dennis-Smith Jr.
1091,10,SAC,Zach Collins,Gonzaga,5,245,4634,1830,1169,380,0.477,0.342,0.749,18.9,7.5,4.8,1.6,7.3,0.076,-1.6,0.4,Zach-Collins
1092,11,CHO,Malik Monk,Kentucky,6,386,8017,4217,920,925,0.43,0.356,0.849,20.8,10.9,2.4,2.4,8.9,0.053,-1.5,1.1,Malik-Monk
1093,12,DET,Luke Kennard,Duke,6,356,8288,3512,1005,694,0.455,0.437,0.877,23.3,9.9,2.8,1.9,17.6,0.102,-0.2,3.8,Luke-Kennard
1094,13,DEN,Donovan Mitchell,Louisville,6,413,14069,10156,1722,1843,0.448,0.365,0.839,34.1,24.6,4.2,4.5,37.9,0.129,3.1,18.2,Donovan-Mitchell
1095,14,MIA,Bam Adebayo,Kentucky,6,418,12264,6146,3538,1429,0.554,0.129,0.755,29.3,14.7,8.5,3.4,42.8,0.168,2.7,14.5,Bam-Adebayo
1096,15,POR,Justin Jackson,UNC,6,278,4886,1676,654,285,0.423,0.319,0.796,17.6,6,2.4,1,5.3,0.052,-2.8,-1,Justin-Jackson
1097,16,CHI,Justin Patton,Creighton,4,22,296,86,60,19,0.404,0.25,0.667,13.5,3.9,2.7,0.9,0.4,0.066,-2.8,-0.1,Justin-Patton
1098,17,MIL,D.J. Wilson,Michigan,5,146,1803,647,452,108,0.419,0.327,0.618,12.3,4.4,3.1,0.7,2.8,0.075,-2.6,-0.3,D.J.-Wilson
1099,18,IND,T.J. Leaf,UCLA,4,146,1238,477,283,43,0.492,0.341,0.585,8.5,3.3,1.9,0.3,2.7,0.104,-1.8,0.1,T.J.-Leaf
1100,19,ATL,John Collins,Wake Forest,6,364,10618,5768,2903,540,0.551,0.356,0.783,29.2,15.8,8,1.5,32.3,0.146,0.9,7.8,John-Collins
1101,20,POR,Harry Giles,Duke,3,142,1835,832,543,174,0.511,0.258,0.671,12.9,5.9,3.8,1.2,3,0.079,-2.4,-0.2,Harry-Giles
,,,,,,,,,,,,,,,,,,44.4,0.189,1.9,11,Jarrett-Allen
,,,,,,,,,,,,,,,,,,22.2,0.102,0.2,5.8,OG-Anunoby
,,,,,,,,,,,,,,,,,,0.2,0.084,-4.3,-0.1,Tyler-Lydon
,,,,,,,,,,,,,,,,,,-0.2,-0.015,-6.2,-0.7,Caleb-Swanigan
,,,,,,,,,,,,,,,,,,15.1,0.057,-1.1,2.9,Kyle-Kuzma
,,,,,,,,,,,,,,,,,,7.5,0.181,0.2,1.1,Tony-Bradley
,,,,,,,,,,,,,,,,,,22.7,0.119,1.4,7.9,Derrick-White
,,,,,,,,,,,,,,,,,,21.8,0.099,-0.1,5.2,Josh-Hart
,,,,,,,,,,,,,,,,,,2.5,0.031,-3.9,-1.9,Frank-Jackson
,,,,,,,,,,,,,,,,,,1.5,0.054,-2.9,-0.3,Davon-Reed
,,,,,,,,,,,,,,,,,,4.2,0.053,-3.9,-1.8,Wes-Iwundu
,,,,,,,,,,,,,,,,,,1.2,0.035,-2.6,-0.3,Frank-Mason III
,,,,,,,,,,,,,,,,,,3.2,0.125,-1.7,0.1,Ivan-Rabb
,,,,,,,,,,,,,,,,,,5.2,0.061,-3.4,-1.5,Semi-Ojeleye
,,,,,,,,,,,,,,,,,,4.9,0.121,0.2,1.1,Jordan-Bell
,,,,,,,,,,,,,,,,,,-0.4,-0.022,-5.4,-0.7,Jawun-Evans
,,,,,,,,,,,,,,,,,,0.8,0.01,-5.1,-3.1,Dwayne-Bacon
,,,,,,,,,,,,,,,,,,1.1,0.031,-3,-0.5,Tyler-Dorsey
,,,,,,,,,,,,,,,,,,15.7,0.168,1.3,3.7,Thomas-Bryant
,,,,,,,,,,,,,,,,,,3,0.034,-2.8,-0.9,Damyean-Dotson
,,,,,,,,,,,,,,,,,,6.9,0.033,-3.8,-4.6,Dillon-Brooks
,,,,,,,,,,,,,,,,,,6.6,0.071,-2.1,-0.1,Sterling-Brown
,,,,,,,,,,,,,,,,,,0,0.057,-1.1,0,Ike-Anigbogu
,,,,,,,,,,,,,,,,,,1.1,0.032,-3.1,-0.5,Sindarius-Thornwell
,,,,,,,,,,,,,,,,,,22.7,0.124,0.4,5.3,Monte-Morris
,,,,,,,,,,,,,,,,,,3.2,0.069,-3,-0.6,Edmond-Sumner
,,,,,,,,,,,,,,,,,,1,0.075,-1.2,0.1,Kadeem-Allen
,,,,,,,,,,,,,,,,,,0.3,0.055,-2.8,0,Alec-Peters
,,,,,,,,,,,,,,,,,,0,0.017,-3.9,0,Nigel-Williams-Goss
,,,,,,,,,,,,,,,,,,0.2,0.098,-3.1,0,Jabari-Bird
,,,,,,,,,,,,,,,,,,0.3,0.03,-3.8,-0.2,Jaron-Blossomgame
,,,,,,,,,,,,,,,,,,30.9,0.16,1.1,7.2,Deandre-Ayton
,,,,,,,,,,,,,,,,,,9.3,0.087,-1.9,0.1,Marvin-Bagley III
,,,,,,,,,,,,,,,,,,19.4,0.128,0.7,5,Jaren-Jackson Jr.
,,,,,,,,,,,,,,,,,,33,0.132,3.1,15.3,Trae-Young
,,,,,,,,,,,,,,,,,,12.6,0.122,0.2,2.8,Mo-Bamba
,,,,,,,,,,,,,,,,,,18.1,0.12,-0.3,3.1,Wendell-Carter Jr.
,,,,,,,,,,,,,,,,,,7.9,0.045,-2.3,-0.7,Collin-Sexton
,,,,,,,,,,,,,,,,,,0.3,0.003,-4.4,-3.1,Kevin-Knox
,,,,,,,,,,,,,,,,,,32.1,0.122,1.2,10.3,Mikal-Bridges
,,,,,,,,,,,,,,,,,,29,0.137,3.2,13.1,Shai-Gilgeous-Alexander
,,,,,,,,,,,,,,,,,,16,0.091,-0.2,3.8,Miles-Bridges
,,,,,,,,,,,,,,,,,,-0.1,-0.003,-4.7,-1.1,Jerome-Robinson
,,,,,,,,,,,,,,,,,,13.9,0.137,1.4,4.2,Michael-Porter Jr.
,,,,,,,,,,,,,,,,,,7.8,0.063,-1.7,0.5,Troy-Brown Jr.
,,,,,,,,,,,,,,,,,,0,0.011,-6.1,-0.1,Zhaire-Smith
,,,,,,,,,,,,,,,,,,13.4,0.097,0.1,3.5,Donte-DiVincenzo
,,,,,,,,,,,,,,,,,,3.8,0.033,-2.8,-1.1,Lonnie-Walker IV
,,,,,,,,,,,,,,,,,,14.3,0.067,-0.8,3.1,Kevin-Huerter
,,,,,,,,,,,,,,,,,,8.2,0.062,-2.3,-0.5,Josh-Okogie
,,,,,,,,,,,,,,,,,,13.1,0.102,-0.4,2.4,Grayson-Allen
,,,,,,,,,,,,,,,,,,1.1,0.03,-3.9,-0.9,Chandler-Hutchison
,,,,,,,,,,,,,,,,,,5.6,0.051,-2.3,-0.4,Aaron-Holiday
,,,,,,,,,,,,,,,,,,9.3,0.11,-0.9,1.1,Moritz-Wagner
,,,,,,,,,,,,,,,,,,11.8,0.082,-1.8,0.4,Landry-Shamet
,,,,,,,,,,,,,,,,,,22.2,0.249,4.9,7.4,Robert-Williams
,,,,,,,,,,,,,,,,,,-0.6,-0.047,-7.4,-0.8,Jacob-Evans
,,,,,,,,,,,,,,,,,,2.4,0.068,-1.5,0.2,Omari-Spellman
,,,,,,,,,,,,,,,,,,8,0.077,-0.9,1.4,Jevon-Carter
,,,,,,,,,,,,,,,,,,26,0.135,1,7,Jalen-Brunson
,,,,,,,,,,,,,,,,,,12.6,0.075,-0.4,3.3,Devonte'-Graham
,,,,,,,,,,,,,,,,,,-0.4,-0.062,-10,-0.6,Melvin-Frazier
,,,,,,,,,,,,,,,,,,14.1,0.087,-0.6,2.7,Gary-Trent Jr.
,,,,,,,,,,,,,,,,,,0.5,0.058,-2.7,-0.1,Khyri-Thomas
,,,,,,,,,,,,,,,,,,14.3,0.137,0.4,3,Jarred-Vanderbilt
,,,,,,,,,,,,,,,,,,17,0.095,-0.8,2.5,Bruce-Brown
,,,,,,,,,,,,,,,,,,,,,,Justin-Jackson
,,,,,,,,,,,,,,,,,,6.2,0.06,-2.1,-0.2,Hamidou-Diallo
,,,,,,,,,,,,,,,,,,11.9,0.082,0.7,4.6,De'Anthony-Melton
,,,,,,,,,,,,,,,,,,3.3,0.038,-2.4,-0.4,Svi-Mykhailiuk
,,,,,,,,,,,,,,,,,,6.2,0.076,-1.7,0.3,Keita-Bates-Diop
,,,,,,,,,,,,,,,,,,4.1,0.074,-1.8,0.2,Chimezie-Metu
,,,,,,,,,,,,,,,,,,1.3,0.108,-2.4,-0.1,Alize-Johnson
,,,,,,,,,,,,,,,,,,,,,,Tony-Carr
,,,,,,,,,,,,,,,,,,0,-0.014,-6.4,0,Vince-Edwards
,,,,,,,,,,,,,,,,,,-0.2,-0.116,-6.7,-0.1,Devon-Hall
,,,,,,,,,,,,,,,,,,9.8,0.089,-1.8,0.2,Shake-Milton
,,,,,,,,,,,,,,,,,,0.1,0.024,-6.2,-0.2,Ray-Spalding
,,,,,,,,,,,,,,,,,,-0.1,-0.085,-5.1,0,Kevin-Hervey
,,,,,,,,,,,,,,,,,,0.1,0.162,1.2,0,Thomas-Welsh
,,,,,,,,,,,,,,,,,,-0.1,-0.225,-17.2,-0.1,George-King
,,,,,,,,,,,,,,,,,,-0.2,-0.098,-9.9,-0.2,Kostas-Antetokounmpo
,,,,,,,,,,,,,,,,,,14.2,0.187,5.1,6.6,Zion-Williamson
,,,,,,,,,,,,,,,,,,19.7,0.119,2.8,9.7,Ja-Morant
,,,,,,,,,,,,,,,,,,8.1,0.043,-2.4,-0.9,RJ-Barrett
,,,,,,,,,,,,,,,,,,5.4,0.041,-3.4,-2.3,De'Andre-Hunter
,,,,,,,,,,,,,,,,,,13.8,0.078,-0.2,3.8,Darius-Garland
,,,,,,,,,,,,,,,,,,-0.1,-0.001,-4.5,-1.6,Jarrett-Culver
,,,,,,,,,,,,,,,,,,8.8,0.058,-2.1,-0.1,Coby-White
,,,,,,,,,,,,,,,,,,14,0.165,0,2,Jaxson-Hayes
,,,,,,,,,,,,,,,,,,7.2,0.061,-2.6,-0.9,Rui-Hachimura
,,,,,,,,,,,,,,,,,,2,0.022,-3.2,-1.3,Cam-Reddish
,,,,,,,,,,,,,,,,,,14.4,0.123,1.4,4.9,Cameron-Johnson
,,,,,,,,,,,,,,,,,,10.6,0.065,-1,2,P.J.-Washington
,,,,,,,,,,,,,,,,,,10.5,0.066,-0.2,3.5,Tyler-Herro
,,,,,,,,,,,,,,,,,,2,0.043,-3.4,-0.8,Romeo-Langford
,,,,,,,,,,,,,,,,,,4.1,0.059,-0.8,1,Chuma-Okeke
,,,,,,,,,,,,,,,,,,1.7,0.021,-2.3,-0.3,Nickeil-Alexander-Walker
,,,,,,,,,,,,,,,,,,11,0.096,0.7,3.8,Matisse-Thybulle
,,,,,,,,,,,,,,,,,,19.9,0.189,2.8,6.1,Brandon-Clarke
,,,,,,,,,,,,,,,,,,12.2,0.096,-1.6,0.6,Grant-Williams
,,,,,,,,,,,,,,,,,,3.9,0.069,-1.6,0.3,Ty-Jerome
,,,,,,,,,,,,,,,,,,4,0.059,-2.5,-0.4,Nassir-Little
,,,,,,,,,,,,,,,,,,1.3,0.064,-1.7,0.1,Dylan-Windler
,,,,,,,,,,,,,,,,,,0.4,0.055,-3.6,-0.2,Mfiondu-Kabengele
,,,,,,,,,,,,,,,,,,9.9,0.068,-1.6,0.7,Jordan-Poole
,,,,,,,,,,,,,,,,,,10.5,0.075,-1.2,1.4,Keldon-Johnson
,,,,,,,,,,,,,,,,,,4,0.032,-1.6,0.7,Kevin-Porter Jr.
,,,,,,,,,,,,,,,,,,15.1,0.18,1.9,3.9,Nic-Claxton
,,,,,,,,,,,,,,,,,,1,0.05,-4.7,-0.7,KZ-Okpala
,,,,,,,,,,,,,,,,,,0.3,0.019,-5.1,-0.5,Carsen-Edwards
,,,,,,,,,,,,,,,,,,2.1,0.067,-3.5,-0.6,Bruno-Fernando
,,,,,,,,,,,,,,,,,,6.1,0.078,-1.4,0.6,Cody-Martin
,,,,,,,,,,,,,,,,,,17.4,0.188,1.1,3.5,Daniel-Gafford
,,,,,,,,,,,,,,,,,,0.3,0.024,-3.1,-0.2,Justin-James
,,,,,,,,,,,,,,,,,,5,0.078,-2.2,-0.1,Eric-Paschall
,,,,,,,,,,,,,,,,,,1.2,0.046,-4.6,-0.8,Admiral-Schofield
,,,,,,,,,,,,,,,,,,4.8,0.074,-1.6,0.3,Jaylen-Nowell
,,,,,,,,,,,,,,,,,,2.5,0.065,-1.3,0.3,Bol-Bol
,,,,,,,,,,,,,,,,,,4,0.068,-2.3,-0.2,Isaiah-Roby
,,,,,,,,,,,,,,,,,,4.1,0.046,-2.1,-0.1,Talen-Horton-Tucker
,,,,,,,,,,,,,,,,,,0.4,0.024,-4.9,-0.6,Ignas-Brazdeikis
,,,,,,,,,,,,,,,,,,14.3,0.118,-0.4,2.3,Terance-Mann
,,,,,,,,,,,,,,,,,,0.2,0.03,-5.5,-0.2,Quinndary-Weatherspoon
,,,,,,,,,,,,,,,,,,0.6,0.108,0,0.1,Jarrell-Brantley
,,,,,,,,,,,,,,,,,,0.1,0.012,-3,-0.1,Tremont-Waters
,,,,,,,,,,,,,,,,,,6.1,0.073,-2.5,-0.5,Jalen-McDaniels
,,,,,,,,,,,,,,,,,,0,-0.008,-9,-0.1,Justin-Wright-Foreman
,,,,,,,,,,,,,,,,,,-0.1,-0.13,-13,-0.1,Marial-Shayok
,,,,,,,,,,,,,,,,,,0.1,0.006,-4.9,-0.3,Kyle-Guy
,,,,,,,,,,,,,,,,,,,,,,Jaylen-Hands
,,,,,,,,,,,,,,,,,,0.1,0.01,-5.9,-0.2,Jordan-Bone
,,,,,,,,,,,,,,,,,,1,0.07,-2.5,-0.1,Miye-Oni
,,,,,,,,,,,,,,,,,,0,0.043,-9.6,-0.1,Dewan-Hernandez
,,,,,,,,,,,,,,,,,,8.9,0.056,0.1,4.1,Anthony-Edwards
,,,,,,,,,,,,,,,,,,2.1,0.06,-4.2,-1,James-Wiseman
,,,,,,,,,,,,,,,,,,6.8,0.069,-1.8,0.3,Patrick-Williams
,,,,,,,,,,,,,,,,,,9.4,0.077,-2.6,-0.8,Isaac-Okoro
,,,,,,,,,,,,,,,,,,13.2,0.184,0.4,2.1,Onyeka-Okongwu
,,,,,,,,,,,,,,,,,,7.5,0.122,0.5,1.9,Obi-Toppin
,,,,,,,,,,,,,,,,,,5.1,0.104,-1.7,0.2,Jalen-Smith
,,,,,,,,,,,,,,,,,,6.1,0.07,-0.5,1.6,Devin-Vassell
,,,,,,,,,,,,,,,,,,18.2,0.138,3.7,9,Tyrese-Haliburton
,,,,,,,,,,,,,,,,,,1.3,0.043,-3.1,-0.4,Kira-Lewis Jr.
,,,,,,,,,,,,,,,,,,3.5,0.055,-3.3,-1,Aaron-Nesmith
,,,,,,,,,,,,,,,,,,5.3,0.052,-1,1.3,Cole-Anthony
,,,,,,,,,,,,,,,,,,9.4,0.097,-2.2,-0.3,Isaiah-Stewart
,,,,,,,,,,,,,,,,,,5.5,0.087,-2.1,-0.1,Josh-Green
,,,,,,,,,,,,,,,,,,11.1,0.079,-0.4,2.8,Saddiq-Bey
,,,,,,,,,,,,,,,,,,6,0.081,-2.8,-0.7,Precious-Achiuwa
,,,,,,,,,,,,,,,,,,14.6,0.125,0.3,3.2,Tyrese-Maxey
,,,,,,,,,,,,,,,,,,4.3,0.112,-2.7,-0.3,Zeke-Nnaji
,,,,,,,,,,,,,,,,,,14.1,0.126,1,4.1,Immanuel-Quickley
,,,,,,,,,,,,,,,,,,6.2,0.102,-0.4,1.2,Payton-Pritchard
,,,,,,,,,,,,,,,,,,1.8,0.14,-1.2,0.1,Udoka-Azubuike
,,,,,,,,,,,,,,,,,,8.3,0.069,-2.3,-0.5,Jaden-McDaniels
,,,,,,,,,,,,,,,,,,2.3,0.052,-2.8,-0.4,Malachi-Flynn
,,,,,,,,,,,,,,,,,,16,0.136,2,5.7,Desmond-Bane
,,,,,,,,,,,,,,,,,,0,-0.035,-4.8,0,Tyrell-Terry
,,,,,,,,,,,,,,,,,,0.2,0.058,-6.3,-0.2,Vernon-Carey Jr.
,,,,,,,,,,,,,,,,,,0.3,0.086,-5.2,-0.2,Daniel-Oturu
,,,,,,,,,,,,,,,,,,8.8,0.143,0.9,2.1,Xavier-Tillman Sr.
,,,,,,,,,,,,,,,,,,0,-0.033,-9.5,-0.1,Tyler-Bey
,,,,,,,,,,,,,,,,,,3.1,0.084,-1.4,0.3,Saben-Lee
,,,,,,,,,,,,,,,,,,-0.4,-0.039,-6.4,-0.5,Elijah-Hughes
,,,,,,,,,,,,,,,,,,-0.1,-0.077,-7.7,-0.1,Robert-Woodard II
,,,,,,,,,,,,,,,,,,6.7,0.094,-1,0.8,Tre-Jones
,,,,,,,,,,,,,,,,,,5.2,0.151,-1.8,0.1,Nick-Richards
,,,,,,,,,,,,,,,,,,-0.1,-0.023,-5.9,-0.2,Jahmi'us-Ramsey
,,,,,,,,,,,,,,,,,,2.5,0.045,-2.9,-0.6,Jordan-Nwora
,,,,,,,,,,,,,,,,,,0.5,0.018,-5.2,-1.1,CJ-Elleby
,,,,,,,,,,,,,,,,,,0.2,0.029,-3.9,-0.2,Nico-Mannion
,,,,,,,,,,,,,,,,,,4.9,0.098,-1.1,0.5,Isaiah-Joe
,,,,,,,,,,,,,,,,,,1.7,0.123,0.1,0.4,Skylar-Mays
,,,,,,,,,,,,,,,,,,,,,,Justinian-Jessup
,,,,,,,,,,,,,,,,,,0.1,0.051,-4.9,-0.1,Cassius-Winston
,,,,,,,,,,,,,,,,,,0,-0.006,-7.9,-0.4,Cassius-Stanley
,,,,,,,,,,,,,,,,,,-0.1,-0.014,-6.6,-0.3,Jay-Scrubb
,,,,,,,,,,,,,,,,,,0.1,0.177,5.1,0,Grant-Riller
,,,,,,,,,,,,,,,,,,0.4,0.048,-5.5,-0.3,Reggie-Perry
,,,,,,,,,,,,,,,,,,4.8,0.185,0.3,0.7,Paul-Reed
,,,,,,,,,,,,,,,,,,0.3,0.079,0.3,0.1,Jalen-Harris
,,,,,,,,,,,,,,,,,,0.7,0.1,-1.4,0.1,Sam-Merrill
,,,,,,,,,,,,,,,,,,-0.6,-0.012,-1.5,0.3,Cade-Cunningham
,,,,,,,,,,,,,,,,,,13.7,0.131,1.2,4,Evan-Mobley
,,,,,,,,,,,,,,,,,,11.6,0.106,0.6,3.5,Scottie-Barnes
,,,,,,,,,,,,,,,,,,-0.3,-0.005,-3.3,-0.9,Jalen-Suggs
,,,,,,,,,,,,,,,,,,9.4,0.089,-0.4,2,Franz-Wagner
,,,,,,,,,,,,,,,,,,1.6,0.022,-3.4,-1.2,Davion-Mitchell
,,,,,,,,,,,,,,,,,,2.4,0.06,-3.8,-0.8,Ziaire-Williams
,,,,,,,,,,,,,,,,,,-0.4,-0.025,-6.7,-1,James-Bouknight
,,,,,,,,,,,,,,,,,,-0.1,-0.006,-5.1,-0.8,Joshua-Primo
,,,,,,,,,,,,,,,,,,0.9,0.017,-3.1,-0.7,Chris-Duarte
,,,,,,,,,,,,,,,,,,2.6,0.087,-2.6,-0.2,Moses-Moody
,,,,,,,,,,,,,,,,,,6.1,0.075,-1.9,0.1,Corey-Kispert
,,,,,,,,,,,,,,,,,,9.5,0.138,1,2.5,Trey-Murphy III
,,,,,,,,,,,,,,,,,,0.6,0.011,-4.2,-1.4,Tre-Mann
,,,,,,,,,,,,,,,,,,0.7,0.056,-4.3,-0.4,Kai-Jones
,,,,,,,,,,,,,,,,,,2.2,0.09,-0.2,0.5,Jalen-Johnson
,,,,,,,,,,,,,,,,,,-0.9,-0.041,-5.7,-1,Keon-Johnson
,,,,,,,,,,,,,,,,,,4.1,0.125,-1,0.4,Isaiah-Jackson
,,,,,,,,,,,,,,,,,,0.3,0.006,-3.8,-1,Josh-Christopher
,,,,,,,,,,,,,,,,,,6.2,0.102,-0.2,1.3,Quentin-Grimes
,,,,,,,,,,,,,,,,,,3.8,0.076,-0.6,0.9,Bones-Hyland
,,,,,,,,,,,,,,,,,,1.8,0.04,-3.1,-0.6,Cam-Thomas
,,,,,,,,,,,,,,,,,,0.3,0.144,1.4,0.1,Jaden-Springer
,,,,,,,,,,,,,,,,,,2.8,0.144,-2.5,-0.1,Day'Ron-Sharpe
,,,,,,,,,,,,,,,,,,4.9,0.115,-0.6,0.7,Santi-Aldama
,,,,,,,,,,,,,,,,,,3.4,0.085,-1.9,0.1,Jeremiah-Robinson-Earl
,,,,,,,,,,,,,,,,,,0.1,0.021,-2.6,0,Jason-Preston
,,,,,,,,,,,,,,,,,,8.9,0.099,-0.4,1.7,Herbert-Jones
,,,,,,,,,,,,,,,,,,1,0.042,-3,-0.3,Miles-McBride
,,,,,,,,,,,,,,,,,,0.5,0.019,-4.4,-0.7,JT-Thor
,,,,,,,,,,,,,,,,,,6,0.068,-2.2,-0.3,Ayo-Dosunmu
,,,,,,,,,,,,,,,,,,0.2,0.07,-4.8,-0.1,Neemias-Queta
,,,,,,,,,,,,,,,,,,0.5,0.058,-1.8,0,Jared-Butler
,,,,,,,,,,,,,,,,,,0.1,0.013,-5.3,-0.2,Joe-Wieskamp
,,,,,,,,,,,,,,,,,,1.7,0.052,-2.2,-0.1,Isaiah-Livers
,,,,,,,,,,,,,,,,,,0.2,0.016,-5.2,-0.6,Greg-Brown III
,,,,,,,,,,,,,,,,,,1,0.036,-3.9,-0.7,Kessler-Edwards
,,,,,,,,,,,,,,,,,,0.8,0.04,-2.4,-0.1,Dalano-Banton
,,,,,,,,,,,,,,,,,,0,-0.495,-27.7,0,David-Johnson
,,,,,,,,,,,,,,,,,,-0.2,-0.297,-16.3,-0.1,Sharife-Cooper
,,,,,,,,,,,,,,,,,,,,,,Marcus-Zegarowski
,,,,,,,,,,,,,,,,,,,,,,Filip-Petrušev
,,,,,,,,,,,,,,,,,,0.6,0.03,-3,-0.3,Brandon-Boston Jr.
,,,,,,,,,,,,,,,,,,1.8,0.138,-1.7,0,Luka-Garza
,,,,,,,,,,,,,,,,,,2.1,0.147,0.8,0.5,Charles-Bassey
,,,,,,,,,,,,,,,,,,2,0.091,-1.6,0.1,Sandro-Mamukelashvili
,,,,,,,,,,,,,,,,,,3.8,0.074,-3.1,-0.7,Aaron-Wiggins
,,,,,,,,,,,,,,,,,,0,0.164,6,0,Scottie-Lewis
,,,,,,,,,,,,,,,,,,,,,,Balša-Koprivica
,,,,,,,,,,,,,,,,,,4.1,0.143,-1,0.3,Jericho-Sims
,,,,,,,,,,,,,,,,,,0.1,0.106,-2,0,RaiQuan-Gray